variant,strategy,mean,std
baseline,penultimate,6.2086661517766695,0.02089521356628078
dapt,penultimate,6.317346174021233,0.018303496839899014
